{
    "2": 0.08235298842191696,
    "3": 0.06070174276828766,
    "4": 0.05723797529935837,
    "5": 0.06463022530078888,
    "6": 0.04786834493279457,
    "7": 0.06169981136918068,
    "8": 0.06167752668261528,
    "9": 0.0621909499168396,
    "10": 0.05596866086125374,
    "11": 0.05332193523645401,
    "12": 0.048736728727817535,
    "13": 0.05294549837708473,
    "14": 0.05416245386004448,
    "15": 0.050290558487176895,
    "16": 0.04970069229602814,
    "17": 0.05245466157793999,
    "18": 0.051500190049409866,
    "19": 0.05214162543416023,
    "20": 0.04857681319117546,
    "21": 0.05393240600824356,
    "22": 0.05093318596482277,
    "23": 0.052469365298748016,
    "24": 0.04979022219777107,
    "25": 0.048116687685251236,
    "26": 0.05510241910815239,
    "27": 0.0518137626349926,
    "28": 0.05327141657471657,
    "29": 0.047102123498916626,
    "30": 0.04833487793803215,
    "31": 0.047911666333675385,
    "32": 0.04660626873373985,
    "33": 0.04454731196165085,
    "34": 0.04837474226951599,
    "35": 0.04629111289978027,
    "36": 0.05358167737722397,
    "37": 0.04800634831190109,
    "38": 0.050940606743097305,
    "39": 0.05447433516383171,
    "40": 0.052037715911865234,
    "41": 0.04991747811436653,
    "42": 0.053510550409555435,
    "43": 0.04883669689297676,
    "44": 0.04498480260372162,
    "45": 0.0433829165995121,
    "46": 0.04460606724023819,
    "47": 0.041687432676553726,
    "48": 0.04749911651015282,
    "49": 0.0479712150990963
}