{
  "silhouette": {
    "kmeans": {
      "2": 0.25164624034586164,
      "3": 0.22534593421551546,
      "4": 0.2176317435845074,
      "5": 0.19986608619337445,
      "6": 0.20782650611792092,
      "8": 0.19322189862783762,
      "10": 0.1873889975433368,
      "12": 0.18075566114424688,
      "15": 0.17394198792900478,
      "20": 0.17486694816688245
    },
    "dbscan": {},
    "hierarchical": {}
  },
  "davies_bouldin": {
    "kmeans": {
      "2": 4.7517210025660885,
      "3": 4.8523526973416615,
      "4": 4.642916380278522,
      "5": 4.278431896973092,
      "6": 3.7443367922596806,
      "8": 3.233364714638313,
      "10": 2.8228462551248823,
      "12": 2.675041071050476,
      "15": 2.7216604586788375,
      "20": 2.608689559528691
    },
    "dbscan": {},
    "hierarchical": {}
  }
}