{
  "silhouette": {
    "kmeans": {
      "2": 0.49901745927628105,
      "3": 0.4779488235542436,
      "4": 0.4650267192720845,
      "5": 0.3503332158249229,
      "6": 0.36203184026406576,
      "7": 0.3547597568847556,
      "8": 0.3023987915449259,
      "9": 0.310902755045113,
      "10": 0.31268342082139283,
      "12": 0.2739557094404988,
      "15": 0.24650370085405868,
      "20": 0.2502384818544209,
      "25": 0.23527212132742312
    },
    "dbscan": {},
    "hierarchical": {}
  },
  "davies_bouldin": {
    "kmeans": {
      "2": 1.4829030178177645,
      "3": 1.5360256822949419,
      "4": 1.4316153582017377,
      "5": 1.4364433562651286,
      "6": 1.4305385275483677,
      "7": 1.326478982554455,
      "8": 1.4081285111185002,
      "9": 1.4143978938577115,
      "10": 1.3893598331489299,
      "12": 1.4249217928056757,
      "15": 1.480327257237362,
      "20": 1.4377661614878117,
      "25": 1.423604978467052
    },
    "dbscan": {},
    "hierarchical": {}
  }
}