{
  "silhouette": {
    "kmeans": {
      "2": 0.12599098682403564,
      "3": 0.10102314502000809,
      "4": 0.10141900181770325,
      "5": 0.09824373573064804,
      "6": 0.11006613075733185,
      "7": 0.1059110015630722,
      "8": 0.11041785776615143,
      "9": 0.11022673547267914,
      "10": 0.10124001652002335,
      "12": 0.09984270483255386,
      "15": 0.10165844112634659,
      "20": 0.09252970665693283,
      "25": 0.09114072471857071
    }
  },
  "davies_bouldin": {
    "kmeans": {
      "2": 2.53235075615222,
      "3": 2.6204622388756964,
      "4": 2.5341685294354885,
      "5": 2.4554219176533514,
      "6": 2.2014527708986598,
      "7": 2.3201120022050716,
      "8": 2.133001397343852,
      "9": 2.1543426509278483,
      "10": 2.1542286527646763,
      "12": 2.174285011855181,
      "15": 2.221292048726169,
      "20": 2.282547307482514,
      "25": 2.2246204470136934
    }
  }
}