{
  "silhouette": {
    "kmeans": {
      "2": 0.09483157843351364,
      "3": 0.07651795446872711,
      "4": 0.07624209672212601,
      "5": 0.07198162376880646,
      "6": 0.07626885175704956,
      "8": 0.07766847312450409,
      "10": 0.0749499499797821,
      "12": 0.06774121522903442,
      "15": 0.06880836933851242,
      "20": 0.0651496946811676
    },
    "dbscan": {},
    "hierarchical": {}
  },
  "davies_bouldin": {
    "kmeans": {
      "2": 2.975477014406499,
      "3": 3.1084284023359,
      "4": 2.938931706699524,
      "5": 2.877362876000089,
      "6": 2.853334634814358,
      "8": 2.916396527696419,
      "10": 2.7589887183048547,
      "12": 2.848178206094051,
      "15": 2.7442372902097776,
      "20": 2.836286531864862
    },
    "dbscan": {},
    "hierarchical": {}
  }
}