{
  "silhouette": {
    "kmeans": {
      "2": 0.1201457679271698,
      "3": 0.12367318570613861,
      "4": 0.11450513452291489,
      "5": 0.1083076223731041,
      "6": 0.09659291803836823,
      "7": 0.09937311708927155,
      "8": 0.09705543518066406,
      "9": 0.10479807108640671,
      "10": 0.10226788371801376,
      "12": 0.10192717611789703,
      "15": 0.10046276450157166,
      "20": 0.09797404706478119,
      "25": 0.09526319056749344
    }
  },
  "davies_bouldin": {
    "kmeans": {
      "2": 2.6006686703240036,
      "3": 2.438893625017877,
      "4": 2.532184509605152,
      "5": 2.393849445046434,
      "6": 2.5289779741891514,
      "7": 2.4259843938758756,
      "8": 2.39772925172521,
      "9": 2.2661832856206403,
      "10": 2.2981362892374824,
      "12": 2.292568474663713,
      "15": 2.288407400189875,
      "20": 2.22404996113503,
      "25": 2.2039531885314267
    }
  }
}