{
  "silhouette": {
    "kmeans": {
      "2": 0.11428051441907883,
      "3": 0.1196778267621994,
      "4": 0.10722187906503677,
      "5": 0.10397914052009583,
      "6": 0.10505756735801697,
      "8": 0.10249625146389008,
      "10": 0.10054393857717514,
      "12": 0.09710139781236649,
      "15": 0.09643198549747467,
      "20": 0.09132459759712219
    },
    "dbscan": {},
    "hierarchical": {}
  },
  "davies_bouldin": {
    "kmeans": {
      "2": 2.680650394509006,
      "3": 2.4756077676289627,
      "4": 2.6270684773937183,
      "5": 2.4701014484167283,
      "6": 2.3532346842527407,
      "8": 2.3416085246371283,
      "10": 2.3583092910787022,
      "12": 2.487857759941581,
      "15": 2.3074617826380366,
      "20": 2.331381872302496
    },
    "dbscan": {},
    "hierarchical": {}
  }
}