{
  "silhouette": {
    "kmeans": {
      "2": 0.23162107169628143,
      "3": 0.14573049545288086,
      "4": 0.15363413095474243,
      "5": 0.1091696172952652,
      "6": 0.10414450615644455,
      "7": 0.1082657128572464,
      "8": 0.09707444161176682,
      "9": 0.09497757256031036,
      "10": 0.08627411723136902,
      "12": 0.08525720238685608,
      "15": 0.08184213191270828,
      "20": 0.07526630908250809,
      "25": 0.06724324822425842
    }
  },
  "davies_bouldin": {
    "kmeans": {
      "2": 1.6075168906786927,
      "3": 2.096539915906083,
      "4": 1.8496784762143381,
      "5": 2.271516926441317,
      "6": 2.35285472624466,
      "7": 2.2098821923664818,
      "8": 2.3147265553540803,
      "9": 2.3175517956430016,
      "10": 2.4141441518585407,
      "12": 2.3985812724327205,
      "15": 2.3140073072760483,
      "20": 2.3900089460948104,
      "25": 2.4868449113392614
    }
  }
}