{
  "silhouette": {
    "kmeans": {
      "2": 0.1902194619178772,
      "3": 0.11398304253816605,
      "4": 0.07746648788452148,
      "5": 0.08079269528388977,
      "6": 0.07844506949186325,
      "8": 0.06034141778945923,
      "10": 0.05935285985469818,
      "12": 0.05381326377391815,
      "15": 0.04864955693483353,
      "20": 0.045881487429142
    },
    "dbscan": {},
    "hierarchical": {}
  },
  "davies_bouldin": {
    "kmeans": {
      "2": 1.8484534657716376,
      "3": 2.35882432900664,
      "4": 2.9555065702356336,
      "5": 2.781793970647994,
      "6": 2.7964966172048826,
      "8": 3.0201883615734326,
      "10": 3.0561363812007567,
      "12": 3.138893811783633,
      "15": 3.18325453891461,
      "20": 3.2245045632771445
    },
    "dbscan": {},
    "hierarchical": {}
  }
}